{"cameraMode":{"drawMode":0,"name":"Shaded","section":"Shading Mode"},"sceneLighting":true,"audioPlay":false,"sceneViewState":{"showFog":true,"showMaterialUpdate":false,"showSkybox":true,"showFlares":true,"showImageEffects":true,"showParticleSystems":true},"in2DMode":false,"pivot":{"x":0.8344018459320068,"y":-9.705265998840332,"z":4.495011806488037},"rotation":{"x":-0.024307716637849809,"y":0.0035967277362942697,"z":-0.0000873476528795436,"w":-0.999725341796875},"size":19.340463638305665,"orthographic":false}