{"cameraMode":{"drawMode":0,"name":"Shaded","section":"Shading Mode"},"sceneLighting":false,"audioPlay":false,"sceneViewState":{"showFog":true,"showMaterialUpdate":false,"showSkybox":false,"showFlares":true,"showImageEffects":true,"showParticleSystems":true},"in2DMode":false,"pivot":{"x":10.079999923706055,"y":-3.5299997329711916,"z":0.0},"rotation":{"x":-0.04966357722878456,"y":-0.0712551549077034,"z":0.0035521197132766248,"w":-0.9962430596351624},"size":2.356671094894409,"orthographic":false}