{"cameraMode":{"drawMode":0,"name":"Shaded","section":"Shading Mode"},"sceneLighting":true,"audioPlay":false,"sceneViewState":{"showFog":true,"showMaterialUpdate":false,"showSkybox":false,"showFlares":true,"showImageEffects":true,"showParticleSystems":true},"in2DMode":false,"pivot":{"x":-14.551002502441407,"y":-5.510974884033203,"z":-0.09999990463256836},"rotation":{"x":-0.04966357722878456,"y":-0.0712551549077034,"z":0.0035521197132766248,"w":-0.9962430596351624},"size":40.010372161865237,"orthographic":false}