{"cameraMode":{"drawMode":0,"name":"Shaded","section":"Shading Mode"},"sceneLighting":false,"audioPlay":false,"sceneViewState":{"showFog":true,"showMaterialUpdate":false,"showSkybox":false,"showFlares":true,"showImageEffects":true,"showParticleSystems":true},"in2DMode":false,"pivot":{"x":17.724178314208986,"y":-11.470000267028809,"z":0.0},"rotation":{"x":0.039992958307266238,"y":-0.09667610377073288,"z":-0.0038844519294798376,"w":-0.9945409297943115},"size":5.029117584228516,"orthographic":false}